<?xml version="1.0" encoding="UTF-8"?><?xml-stylesheet type='text/xsl' href='_UpgradeReport_Files/UpgradeReport.xslt'?><UpgradeLog>
<Properties><Property Name="Solution" Value="CCTAPI">
</Property><Property Name="Solution File" Value="Q:\github\vs2010gv\CCTAPI\CCTAPI.sln">
</Property><Property Name="User Options File" Value="Q:\github\vs2010gv\CCTAPI\CCTAPI.suo">
</Property><Property Name="Date" Value="2018年1月10日">
</Property><Property Name="Time" Value="14:16">
</Property></Properties><Event ErrorLevel="0" Project="" Source="CCTAPI.sln" Description="File successfully backed up as Q:\github\vs2010gv\CCTAPI\CCTAPI.sln.old">
</Event><Event ErrorLevel="0" Project="" Source="CCTAPI.suo" Description="File successfully backed up as Q:\github\vs2010gv\CCTAPI\CCTAPI.suo.old">
</Event><Event ErrorLevel="3" Project="CCTAPI" Source="CCTAPI\CCTAPI.vcproj" Description="No Conversion Required">
</Event><Event ErrorLevel="0" Project="" Source="CCTAPI.sln" Description="Solution converted successfully">
</Event><Event ErrorLevel="3" Project="" Source="CCTAPI.sln" Description="Converted">
</Event></UpgradeLog>